{"pascal_voc/mAP": 2.2725438611814752e-05, "pascal_voc/AP50": 0.0, "data_time": 0.007086128503130245, "time": 0.12972370034207517}