{"pascal_voc/mAP": 0.6365931630134583, "pascal_voc/AP50": 0.637, "data_time": 0.007022803496724855, "time": 0.1656946580720771}