{"labels": [14, 14, 14, 14, 14, 4, 10, 14, 14, 14, 14, 10, 10, 14, 14, 14, 14], "scores": [0.999847412109375, 0.9996101260185242, 0.9994789958000183, 0.9994264841079712, 0.9992637038230896, 0.9985488057136536, 0.9970762729644775, 0.9967821836471558, 0.9861702919006348, 0.9489360451698303, 0.4332524836063385, 0.22431445121765137, 0.17479072511196136, 0.16827289760112762, 0.13223162293434143, 0.11941542476415634, 0.059175413101911545], "bboxes": [[91.67660522460938, 50.48377990722656, 209.81333923339844, 228.71080017089844], [276.7741394042969, 81.86434936523438, 350.6646423339844, 185.0067596435547], [1.5342577695846558, 29.54728126525879, 118.23262023925781, 253.7919464111328], [181.2398681640625, 56.38529586791992, 297.0572204589844, 193.12933349609375], [351.87835693359375, 109.37857055664062, 399.53753662109375, 163.8385467529297], [172.13270568847656, 134.6718292236328, 214.30738830566406, 203.38827514648438], [0.3956954777240753, 178.3833770751953, 461.24554443359375, 333.0], [360.0343322753906, 86.17256164550781, 496.6365051269531, 326.0494079589844], [396.4289245605469, 76.16590881347656, 495.6755065917969, 215.24337768554688], [397.35540771484375, 87.5771713256836, 452.4204406738281, 194.97833251953125], [229.8292694091797, 61.49006271362305, 285.28558349609375, 186.58828735351562], [230.75759887695312, 186.09835815429688, 412.2704772949219, 333.0], [0.0, 218.197998046875, 277.2224426269531, 333.0], [73.6247329711914, 61.248268127441406, 306.6939392089844, 203.2276153564453], [142.47677612304688, 56.185577392578125, 259.0111999511719, 208.97982788085938], [49.905826568603516, 37.84497833251953, 169.13919067382812, 247.78897094726562], [353.74969482421875, 96.02874755859375, 474.7113952636719, 240.64328002929688]]}