{"labels": [13, 13, 13], "scores": [0.9988935589790344, 0.7086642980575562, 0.41944620013237], "bboxes": [[222.4156494140625, 171.3217315673828, 360.0041198730469, 331.6166687011719], [101.25519561767578, 183.1388702392578, 251.9126739501953, 355.7191162109375], [125.63948059082031, 167.89866638183594, 342.94384765625, 353.38458251953125]]}