{"labels": [9, 16, 16, 11], "scores": [0.8792464137077332, 0.7930365800857544, 0.6058430671691895, 0.08818501979112625], "bboxes": [[218.3832550048828, 156.3468017578125, 300.19427490234375, 221.43821716308594], [465.0044250488281, 168.16403198242188, 496.38360595703125, 216.1036376953125], [221.74502563476562, 156.67922973632812, 300.9009094238281, 220.7286834716797], [214.63003540039062, 156.27630615234375, 304.6304626464844, 222.136474609375]]}