{"labels": [18, 18], "scores": [0.9940333962440491, 0.06732610613107681], "bboxes": [[94.39190673828125, 134.5780029296875, 367.9452209472656, 316.6971740722656], [80.94168090820312, 138.47105407714844, 426.5653991699219, 242.09451293945312]]}